jbin,bin,dglaciation,N,dEtemp,dmerT,dtemp,domega,daLTS,dERH,dmerRH,daRH,dXRHi,dmerwindspeed,dmerQV,dfdust,dSO4,dmerBC,dmerOC,dmerdust,dfBC,dfOC,dDMS,dSS
1,0,-8.50818955149931,44899,-0.151570569167074,-0.161927910560585,-0.00949152611032266,0.019086730757036,-0.155899530321235,2.4816733421044,2.83563704201151,2.51735089895268,2.81110724606532,0.556145013850527,4.47536603189761e-05,197.711928412601,12.966557551502,-1.97303395073573,-43.2638201967556,179.86575040642,7.67467754898349,72.9199144588808,338.418429256821,-3.08276556422032
1,1,-3.25330521483046,30344,-0.175283776629919,-0.212753617155395,-0.0186039726874859,-0.00703298554348391,-0.448769106083432,0.787223085916949,2.5618501237922,3.88316548762071,4.38835034129781,1.48697603922843,2.53768787470798e-05,220.968444519839,37.4597689069494,2.95264695778979,37.1312751889368,152.625978443506,7.02370512088928,17.5135014885994,185.504174319929,1.13702216173557
1,2,-1.50405485186658,210105,0.158845524692261,-0.0816558486377857,-0.0515631816189763,-1.82861978471944e-05,-0.200407189514956,0.574842066245118,1.20475939030475,1.89591562288873,2.17479291189953,0.658533272255951,1.58395498105409e-05,177.197570138192,-24.3736514298097,-1.00583140843235,-1.74959933928198,-52.8096028418211,3.29274700068436,14.8301393957422,139.721116840432,-1.54414988369312
1,3,-0.749711559604666,33316,0.0142230000185968,0.0130698112876717,0.0724232643893996,-0.0136164057490255,-0.106615904621642,1.55295360082875,2.75853043404741,3.16330817988951,3.5085707031708,0.880337133627721,5.71889581235486e-05,202.248314872359,41.9273775366355,4.29325216614268,55.2717447941696,253.600027891513,5.77232191567178,9.00530201825553,213.180055437419,3.24622588102055
1,4,0.605398509971559,102956,0.0150387005506275,-0.140036331083853,-0.0274960765259311,-0.00255329771066664,-0.125685467878423,0.680030847573762,1.81238350785992,1.25690829354213,1.44494389481709,0.541466478018601,1.62625608006784e-05,176.409612063507,-2.5338667322762,0.140169035187547,11.3715459432779,103.122217574109,7.09112939328455,85.6754411960515,135.181634623387,-0.673824128523285
1,5,1.93734972611804,58073,-0.0671555374137238,-0.0420671708697708,-0.214688402851083,-0.00302215060820525,-0.233199540921218,0.0935900428587719,1.75067580359558,2.24969479968035,2.71261719687977,0.569834521781958,3.08111018717354e-05,172.465416242497,-5.16745796680396,-2.05059699268456,-24.3149305990731,56.2458621694256,2.5549735532882,-25.688152817053,237.369544696673,3.10259136374921
1,6,2.20394845323915,12343,-0.0356458858715725,-0.215486042927565,-0.185383349550691,0.00893941278288572,0.294787895463302,-0.116339018675823,-0.836661378692902,-0.288864622729427,-0.161862469889969,1.42440788010046,-4.38394479378184e-05,200.621673757506,-11.418040262123,1.86875639830087,41.6634370662521,103.274875104347,-0.035168103664251,91.311506702276,-205.666668421306,-0.622612654369628
1,7,4.22354958151551,53076,0.117763312643579,-0.0631721615697169,-0.0193891062037458,-0.00278833382665124,0.11368077792067,1.93333203045832,-0.111862997766968,1.52635801532671,1.73128650803441,0.645979335262492,-6.84619401923143e-06,209.023703006472,22.2372620733444,2.14845288986553,12.7146900351472,239.831480564282,6.58149707344744,50.6718994440364,308.724760780188,3.89107973450683
1,8,6.20450325001392,63799,-0.076174098817744,-0.0878219697715811,-0.00818563769289538,-0.00856008653796167,-0.112709689322842,0.7546239068363,1.68440366018264,1.17334603598388,1.32152967313344,0.430320382128488,2.17170309899814e-05,189.706639220934,15.5521415334759,0.554693273546521,-5.86626690417487,299.716457774327,7.13521990995711,71.9581467802988,72.3632595446224,1.18181348427747
1,9,15.8178486823405,5850,-0.142803674878174,-0.524311942276974,0.0652000698694286,-0.00727301327010543,-0.102295657295538,11.2394713193926,8.41557163178842,11.901957982246,13.2311689032686,0.301942489841561,0.000109815606974169,234.343374531495,61.3019167605432,-2.28588354732475,-70.9345238009564,608.941738251733,16.117672478977,94.9317078138604,-813.703813173034,-42.0606606009525
2,0,-5.60954492556552,19308,0.205528172776991,-0.104864346496688,-0.081935984448217,-0.0184496107350431,0.101587921161824,3.38385144264405,1.06142018998258,2.35065390406207,2.84306622558395,-0.328193027108657,2.62631008370195e-06,201.621209132625,-24.7478598668855,-4.68277218977088,-32.8883855493897,-57.3814164372879,5.67293697181831,39.5720099338332,1633.7898839347,-1.62041575043641
2,1,-3.3847735868202,32814,-0.201296397795392,-0.053102236864293,-0.195825189005058,-0.0171392231146456,0.00523644182663506,-0.236531389534139,0.73549465475122,1.11577434120986,1.49507991592398,0.75480871510414,9.58309011880951e-06,255.173782682984,22.7775027185509,3.24807980131423,17.2667044434073,356.28658281082,7.04379890680312,9.2464107483442,2454.71696890136,4.00287488581431
2,2,-1.46198762246594,77997,-0.190645090682719,-0.0708986050881517,-0.0093113877420841,-0.00938479255590396,0.274066442732209,-0.616892942852839,0.567878475358499,-1.46920740762336,-1.69284426745276,1.19100695441526,3.09425177923437e-06,213.255616098591,5.24752031031291,1.74376818571844,10.5689548108431,175.773634743421,4.58270962211217,34.5000218804037,606.092811854866,4.39730844449406
2,3,-0.485317866414075,61269,0.199137286774329,0.122815707426699,0.0554364736764373,0.00372649421389821,0.10101829807925,-0.0595850796563154,-0.149886747364568,-1.66586410494645,-2.00321778643517,1.01286786145435,1.66654242528784e-05,247.368520503479,-1.80099419020306,2.82418983130558,32.0809113742744,167.663972668158,2.77147928808672,25.5994789970087,687.851444205542,-0.912638557383085
2,4,1.02964113999416,13759,0.108806474313878,-0.323424723361308,-0.101406838220762,0.00895114401976393,0.272698836540588,-0.81358035714274,1.67885768701702,2.64836057365048,3.19889595047896,-0.31246152560845,-1.0125167627202e-05,285.348506018054,-12.4109211276316,0.102681084041914,14.6924439256526,219.259884531111,2.41195138882904,12.144384722021,1335.2040387391,2.5505219236286
2,5,1.52987079802659,59958,0.036740315520317,-0.084391077010764,-0.000206073734026985,-0.00874084245525606,-0.0758228105297363,-0.692679802580161,0.29778530442703,-0.171305029562809,-0.220471202843722,0.993407390312362,-5.40504002821787e-06,161.736189586212,-1.77034439811697,0.999505918428689,14.4874549548855,150.778403007302,5.3445619818238,-23.5940943542798,321.71713019183,0.8145157829706
2,6,2.43815563670033,82915,0.0539830386458491,-0.0348045831637171,0.000140710360962674,-0.0167201728613365,0.10778766849127,-2.19086320466234,0.67580642038136,1.95728728843172,2.27430425817031,1.32289735159325,8.38087523628253e-06,226.667976690771,-2.92089276621944,-0.142588550085978,0.404008173377787,33.6845911604435,4.28780861398134,24.5493043945584,62.7367972292177,-0.504044324957822
2,7,4.09860762447229,50883,-0.0205413116648286,0.0946775544878283,-0.00111611495328454,-0.0200796847920877,0.32745731063576,-1.2739606360315,0.369027180978708,0.394995579438676,0.444706276612793,0.600233001396351,2.05916611338501e-05,191.337175363174,9.41890145857818,1.88447692640097,-1.04170632349305,182.191451160816,5.22079861782057,27.2181284396199,867.113540498287,5.61217171917407
2,8,5.57121154390376,55176,0.166789477190527,-0.0588759478167601,-0.133415001275707,-0.00742317769934573,0.160745376419444,1.29343520273994,1.53483017415933,2.77800193282484,3.34960147397503,1.0713912556338,2.16890516366049e-05,216.699445891519,35.6781097975367,2.72677635791933,22.6105109965997,437.156335565999,4.09352733049406,-42.6785317252264,42.5680101695863,1.97028274249856
2,9,15.5105220414897,18321,-0.442763916386632,-0.15375255420409,-0.385786435670186,-0.0317847442965978,1.15800434752771,0.573556871517758,4.89837354452737,-1.18005751805334,-1.00187928190476,0.658446588367438,5.71522403373678e-05,284.756954194737,110.458527963637,15.5294411494584,172.542890208978,1179.97784344034,16.7773403147894,20.9852122067573,762.696741746025,8.60881428886444
3,0,-8.07203929525249,14348,0.267980090132105,0.360569533849296,0.102758822151835,-0.0143062776165128,0.950075168626122,-1.15285777635073,-6.27482616039572,-2.56022547302654,-3.22750280632726,2.10029027623063,-2.50925948571906e-05,163.533929160244,-42.1870272278025,-6.38760864047957,-117.686497564443,-624.724434989782,6.6195299164002,28.5274498913378,1415.07256798259,-5.56253940901269
3,1,-2.69532961404614,44830,0.361529210006172,0.0169350888301265,-0.0538324503835369,-0.00214835745273869,0.306671457152123,1.28919428140465,-1.6961894651632,2.87766625169779,3.55804704788705,-0.272801004316241,-2.15194067722924e-05,195.942969779595,61.4152356496729,1.18836026079137,7.82254216933907,700.986419521961,7.84003202391,48.0544752967721,2945.89205103737,3.18988783633823
3,2,-1.27064199702999,18921,-0.0911691408688753,-0.0272263680124763,-0.0374622747546332,-0.00185307195220378,0.222227339296824,0.626319636022005,-0.0412671369324339,-1.73033727363139,-2.09078179442575,0.670761841607015,3.27775549120917e-07,183.725018763348,48.0979201308024,8.09957622042109,95.2574183308209,524.660120928975,5.4718761687393,33.349896674256,298.196591100492,8.65762743917649
3,3,-0.709141643809008,67915,0.0421331702875409,0.0542438550587244,0.0427539970674957,-0.0124921815000852,0.169556694755457,-2.30891031320343,-2.16739478075038,-3.3816518606535,-4.11814781759591,1.33736379533188,-1.60147959857174e-05,180.453680810213,63.7108933094584,7.47627528065168,67.9692295876272,905.939338919617,5.61675019095063,19.0829197284801,27.3274305449884,5.41463298900523
3,4,0.251238581431644,31270,0.386329512491351,-0.0401659816568713,-0.0447695895372392,0.00138086459865584,0.387384351291308,-1.09492221274679,-2.34095009210634,-2.44312060567056,-2.91166159127342,0.638221864453234,-2.5727192535193e-05,186.823674843979,59.4562338038121,10.239636252099,136.560694424411,677.828962633103,6.07957383538853,50.8000111859901,200.834719542316,5.8245135251016
3,5,1.61529841948658,56258,0.075952173151298,-0.140825314180062,-0.021731142232791,-0.00676105738000277,0.161967851756293,2.62211648876707,0.0135201358376824,-0.744877446218557,-0.860840576427633,1.2661115640428,-1.07743826210747e-05,189.191186123212,10.3756895490984,1.46358863855099,49.734405577664,417.574751634068,2.30246951774529,29.2459234049855,1387.26112610932,11.9006277818631
3,6,2.78158791409317,57319,0.192880015876899,-0.184689246217058,-0.198608972282851,-0.0162852077044053,1.3263882321916,0.202252697430746,3.23064615080666,-1.75839072501992,-1.89849445083017,-0.444462883517579,1.717708271972e-05,237.742337574231,81.9274236980091,15.2669800730583,202.523219190299,1224.74933581174,17.5038126238981,70.4043498481527,935.12929307205,9.95100293864604
3,7,4.13824416793891,18814,0.247201981803585,0.276025259281911,0.0213368592867169,-0.0121414146691722,0.722567864194533,-1.21040029706525,-0.97200076597122,-6.35118873481591,-7.67075912062948,0.729247785710869,1.18076432895354e-06,227.95634260463,5.68784680584707,-0.0848446185649574,5.15341526965528,597.791885511776,6.51131480941075,61.6805721528527,653.168464566731,7.39095163589308
3,8,6.51762635345658,30781,0.18153647341172,0.183578068835976,-0.414430633522448,-0.00185708858592141,1.29970030675473,-2.58502352780671,-8.10650268417265,-5.44363628861852,-6.11932883345607,-1.12040479094691,-6.46362521440392e-05,156.353275859047,55.1139830261569,11.3747581858703,152.912887697031,1393.62981838715,15.8996408549088,95.1389541131767,290.299079444382,-10.6013414864117
3,9,11.101710882414,49281,-0.17536267972319,-0.221719566514599,0.0796244030838915,0.000469580851109436,0.399318684691845,1.13715382648738,1.38746425722751,-2.59267957439084,-3.15306932011761,1.21117590261983,2.43443504152441e-06,213.895539759264,125.344628740572,16.3161498647574,222.702834463659,1564.18683074302,20.2287850003732,53.8644652068846,71.1344599846867,10.709914087799
4,1,-2.85031493428393,19477,0.262666319804794,0.0800128246167835,0.219975874636451,0.00349434379787625,-0.498963505409743,-0.00605568849349388,-2.27953144280555,0.496446990455491,0.335380449121712,0.700654730471415,-2.99178903951675e-05,163.040001301103,21.9540733264546,8.66652415205499,127.689848589678,530.499485539965,15.6189855963898,144.964968041821,-41.3740072269558,-3.38717475451537
4,3,-0.858027705252609,30987,-0.0164461609992956,-0.154283551774772,0.0887906623928147,0.00702482751356174,-0.485043714521266,-0.0291029964807591,-0.729449932909462,0.753764719407035,0.821302493410061,0.898975392659434,-1.8414738747873e-05,138.522190912328,-53.5535024031191,-6.24757681631317,-7.61472779305739,-332.977233972999,-0.723932410091305,35.8081408581203,83.2458355590743,-2.77705637362231
4,4,1.10433013658807,10876,0.276523809523833,-0.186547619047598,0.032992063492068,0.00617713789682611,0.132799300746077,-8.6079325396846,2.86284722222257,-2.21150793650768,-2.60259436669625,0.623217757936581,2.98958333333327e-05,155.59097222221,-5.74642857142901,-2.8112599206353,52.5694940476171,-128.614335317463,-7.68536706349251,55.3910218253852,327.387996031793,9.92971230158608
4,5,1.25704831589938,15420,0.602291750140349,0.0427903620950054,0.0255181504804807,0.011467048250409,-0.6988329140495,0.692362055462622,1.71093117029635,-1.0717035646958,-1.31130339868586,0.981849657255201,3.14426691871841e-05,173.058079719371,3.20364444887673,8.11327455764693,130.466873592754,346.446172532604,0.786175270850318,36.8739352152412,-38.5188763840098,-4.01586326457045
4,6,2.9891936302572,22788,-0.701480121919787,-0.279523282864828,-0.0927881301236875,0.00745651048588134,0.176637292516245,2.35788243154563,-3.69645268091127,4.29383351485524,5.03768766357799,1.87720336443716,-7.11662455491368e-05,201.4754332128,46.3460613088368,17.7312844148943,222.444384277223,631.983616061105,6.21389344185889,70.1016528220702,85.2441375974323,5.86666612028874
4,7,4.20262086655539,67642,-0.280478684175195,-0.167066847511269,-0.0104987450617726,-0.00270540911995659,-0.145489087994236,2.06266998389061,-0.472711859925119,1.07039903197546,1.23233753354883,0.97115703925623,-2.00052494119705e-05,177.855134475015,40.3761851017526,7.71791702404314,91.0049975942498,779.268357382366,4.40581875207646,59.1213365179543,65.8407444030013,3.85895464343223
4,8,6.12339530198069,46541,0.15317919669314,-0.137313981735424,0.329560180548453,0.00305236223366184,0.0850315305860327,3.5935464790134,0.56382388156436,3.1454226036506,3.37862358282258,2.26861828574612,1.49891060522578e-06,179.680370087586,24.3357933079856,7.2481943684814,103.917051071329,509.517697584241,10.3902326891732,61.8295965267451,75.6938046822306,4.09272600637152
4,9,15.3124451486598,60914,0.109869076928842,-0.268524777025362,-0.0748326074776573,-0.0115480585204894,0.659517535234515,2.83054582477951,0.313557013772729,3.91964449456509,4.6291916339688,1.21196273571974,-1.6485489415469e-05,199.275579939606,133.986042360627,21.9914924699952,266.73748491927,2321.1005703634,10.2117050167913,6.45432711762402,34.7556470147953,14.346142343251
5,0,-6.6804958715652,24855,-0.0927678800113666,-0.201766833558609,-0.174743094631695,0.0128167850593212,-0.160698143251454,5.48409734675499,-0.925961790339086,2.7493478223785,3.18364324682771,0.989359572764359,-2.93413843861501e-05,137.42446631716,31.8939344756484,4.23309366991819,23.5455302169401,303.562928685686,11.6845963713087,143.878684011157,40.6761332119309,0.90956201900057
5,1,-3.84507348792987,18271,0.951861287345122,0.39715831002492,-0.0855333393283221,0.00226348775884654,0.253499821462354,-0.0485006951990146,-0.496744542692896,-1.42975823789054,-1.54593494621419,2.03959514164563,1.26398910490492e-05,161.897516848355,8.2266793869328,3.53031645224121,42.9821832103098,396.423421152152,17.2745489720849,80.721748373709,75.4216465429917,4.47005043370873
5,2,-1.32942684490012,5074,0.701225007550526,-0.0198514044095407,0.0159779522802794,-0.0128843098761706,-0.316820259993564,8.76215826034537,2.47272727272699,17.5256418000604,19.6592551134675,4.15115463606122,5.29809725158559e-05,194.499818785844,-3.23355481727591,14.2349743279981,219.583630323176,845.260102687967,4.12672908486869,86.1598006644594,135.659438236184,3.6263666565994
5,3,-0.723188520204673,13428,0.287310742596189,0.18632072123911,0.235083776914542,0.0307270953819622,0.0676102692513862,-1.12693704535389,1.77744209466255,-2.36253296887684,-2.8281348647386,1.16709614923493,4.30125161847232e-05,142.402944420464,33.0531674099623,7.73506929458737,90.8392413561432,484.51524960436,5.09776530954707,55.4332230374389,-31.1609312808723,1.21426173692054
5,4,1.0511129631155,16674,-0.372226033710337,-0.549513072704625,-0.343266961767729,0.0129598117680492,-0.110539866559025,3.42146215983631,6.01799917393361,4.54442377326964,5.32878840825939,-0.048881037155546,0.000104230006566873,166.879141892229,-30.1334612057598,3.81557355048945,60.0241035751624,194.272309639457,3.49099591788471,114.238402836433,205.134981292307,10.6475619798677
5,5,1.62771091342481,10497,-0.494185699784238,-0.284392459118252,-0.340694005689459,-0.00639841199242173,-0.401561361158097,-5.77191498540884,-1.28602573606262,6.62735676315957,7.72920436626906,1.03819925490842,-4.39876324976358e-05,145.895609916823,-0.672130669758437,1.63199901161352,27.1208840990172,357.475880202469,7.73884168709773,64.5308528634578,-30.3699397464467,-1.70174234792482
5,6,2.95323222711947,48793,0.326792133793921,-0.0285102230404003,0.0968202281118519,-0.00519868308161643,0.222961885129567,0.0456065729377582,-2.20559480855517,2.58989433850766,2.81839292658428,1.99970174554879,-4.73955628796016e-05,177.924128685317,18.2879420900574,7.84233753466358,89.6455599149906,587.126761434668,9.06544163754941,70.1038823761978,26.0877037590417,9.68589151864203
5,7,4.12064260182728,28583,0.703313395478625,-0.154460516482708,0.0591401288391706,0.00279596138259064,0.529177480326907,-2.38858907364233,0.253376820374471,-1.78449589517698,-2.04387601036564,0.763965167100329,-3.85303003595085e-06,157.697301738668,42.1204668110774,3.43135118270661,36.6918683150039,528.104353591548,4.71830441606286,-5.01664945059405,61.5480120697097,4.09848380757387
5,8,6.73054112094294,7116,-2.42586922142607,-1.25296924038855,-0.720977757682721,-0.0288655872391264,-0.371901070812948,-0.95671582173756,7.44860397432957,20.9206193062718,23.9303727179648,2.30869977861575,7.64360968714809e-05,233.106535424548,120.260368105147,24.7703629931495,411.788666418249,1155.40172830598,15.9551121077127,-9.16881432013316,24.7125097504866,8.25933348404739
5,9,11.4340601753272,31876,0.197362367571027,-0.241688456120466,-0.0120693930609563,-0.000186434983831881,0.189167149867897,-3.16748153940034,-0.555239865558302,-0.551564569472363,-0.639072628538981,1.30598428941274,-2.62348374169078e-05,191.311343313178,14.4129896153492,11.1263264405985,115.43204881437,679.984083811714,6.21812288240535,52.8358276992388,129.659161683027,6.47044983441359
6,0,-5.9389550303531,5292,-1.31506879745121,-0.739969728224065,-0.143431461669357,-0.0262459119991578,-0.764551854401246,-1.27991706308329,12.9942807029808,-8.59771752558102,-10.5574394197325,0.727652873924861,6.38929678577288e-05,149.016100272691,-36.107961564461,-3.65721511316224,-27.1678029508436,37.3194444444404,-0.612733957998309,36.614595715917,-735.693482973171,11.3771676805827
6,1,-3.03390570255213,30558,0.214350990359631,-0.101830228179101,0.120600949962063,-0.0134378775379767,-0.197163351612109,1.5400181565083,1.21505943363266,2.14869841623668,2.55990317090871,1.45812401443654,9.87428453332208e-06,226.767732737691,-43.3514665695706,-3.77886913612418,-8.80657603813345,135.260758894136,2.88365790532189,14.5826661487624,167.027774315209,-4.54864810100456
6,2,-1.52970297029698,2317,0.358918837329644,-0.307231349571081,0.305102634803918,-0.0461842830882367,1.85135546547744,-0.971399718245062,-2.29526654411769,-7.15814568014687,-9.26720928825272,-2.09682195925236,-3.74042585784312e-05,122.906805300245,34.0954350490207,6.53042662377448,105.360830269608,140.366785386031,-3.24306832107849,29.26895680147,20784.1322380523,-1.44586780024516
6,3,-0.685067429355263,38859,0.199139000887794,-0.0115990847672255,-0.0859269893420424,0.00339491119782208,-0.113496747858747,-0.369541285742211,1.24129093684144,-2.97905387523833,-3.62693464217248,-0.0270788770476962,6.26718584341804e-06,158.951607864744,21.3076416417169,2.64642496239038,45.3138845637704,104.828526594055,3.30560391959539,32.97252597306,2908.61078802009,-0.101050466578739
6,4,0.466072411226797,18876,0.0581211830840161,-0.240552583346465,-0.0985821626836335,-0.0244279000880205,-0.222118980182798,-0.817988131091915,3.93946754858306,-1.68866429554586,-2.00737410342459,0.0458739587767033,1.96931339319667e-05,316.931481836479,28.0177854634822,4.42000191819008,86.5706257671745,466.766726417733,1.94981618890839,26.3248954094594,-1119.50155561007,-2.09926257224279
6,6,2.74482310127315,35299,0.781022697708123,0.0717988324690664,0.0232192845844438,0.000556089505764095,0.593382600934917,-3.01160683289512,-0.34328140548308,-1.37593910760558,-1.73656253301866,0.934957959602441,9.67600650357098e-07,238.401476650899,9.77328603320724,0.741789934676925,4.28582545566615,367.555973063275,5.41776997260411,30.7906241141956,395.648240274876,3.26731085132498
6,7,3.87980619353918,48998,0.20759859658665,0.0148182621224957,-0.0126482206263166,-0.01434319240247,0.0279549044149688,-2.34938372030355,1.09795930801306,-0.840262996102706,-1.06063895948991,-0.0826097513929131,1.12996537522577e-05,240.632882451137,4.57730761761802,1.29128250089965,25.8887617439293,251.939316085564,3.73786675868716,19.1447321954153,504.231438367565,1.91204514176414
6,8,6.72988074380629,13734,-0.196922406311209,-0.147696995956941,-0.125861214958312,0.035436629180214,-0.0853941308397211,1.05017125848623,-2.65402037544031,7.77514161048508,9.87876568779406,-0.616319440423873,-3.01007187186409e-05,319.889730599256,64.2386625223377,10.1565099604836,111.091865159766,598.064282093305,4.22321504575602,36.4434358091905,-507.988534223688,6.27127000580887
6,9,19.875385587744,7012,0.323698104419896,0.428512877835177,0.596387965162287,0.00843626659214846,1.73766167609755,-2.40017903218318,-6.70729821619894,-7.98745284337041,-10.7352942225761,-0.306550603139136,-2.92552745563817e-05,148.285305761266,252.816403521005,34.0134413860522,487.610274323586,2462.37394625319,12.237604210329,39.3981929113718,-9105.40621303062,-11.6460155558653
7,0,-6.72832645441129,4088,0.593569013047284,-0.0629494310315596,0.0844755683291912,0.0234403494012007,-0.433266442889375,-2.02585166480153,-0.0573572492856429,7.19771568786428,7.99738908408664,-0.382955765241462,-1.09927365920757e-05,182.914986945498,-17.568230552834,-0.795196608556526,8.64631155038394,-100.641560682742,4.19926802313936,73.7662505240659,249.480142189435,-2.29217354773599
7,1,-2.59104023355693,27303,0.121176656672814,0.00497580383402015,-0.062726075197958,-0.00612105835869107,-0.02403647345751,0.661736346806089,0.000250743264255044,-0.922999830240058,-0.979430190071276,0.237090917489448,2.85632153006409e-06,164.121393248647,2.08771116544069,1.1981410836982,19.4070045348985,87.2686483952849,3.84923988317215,64.839113264487,376.964512962297,2.32880616244801
7,2,-1.72448738768695,3131,0.338745067272713,0.0375773928671905,-0.0297854431562899,0.0578605995258304,-0.252805994399635,1.53928665947119,-0.498065748528773,2.96616675987695,3.3400439706802,0.181328790451749,-1.17462419624241e-05,140.22382595851,-0.195342833238693,-2.54273279839432,-19.1440799660009,203.64467705964,1.02965648110789,56.6606359787326,-78.0196704336266,3.06313426733107
7,3,-0.902928419045851,10499,0.213767750335228,0.00545473012530869,0.0895733508958246,-0.00457041576245284,-0.250253845726867,1.20924456178475,-0.150646701764284,3.8715811579164,4.24421993499394,-0.0677872368524599,3.44357539676196e-06,249.584557617676,17.5946152359542,8.20272568768208,107.820712470311,212.522569015197,6.68728377073396,76.3836491525818,303.763571557464,1.07394578145256
7,4,0.128402768382342,10854,-0.475566606650029,-0.0821612129414507,-0.100743888757809,-0.020673586272616,0.049987706298414,0.38139342428463,0.807338209526953,2.85424023046773,3.27617862235566,0.38688764074016,9.35194028758456e-06,138.129503903361,-5.79807029629947,-2.36514073115684,-43.0041154101938,78.4396465669859,4.15541169356847,6.7900112561516,915.149032893984,3.53304057560592
7,5,1.48201617341821,49743,0.197917963363792,-0.00392148706282199,0.0297590337626511,-0.00201978862660995,-0.0670123430888446,0.562821252650193,0.0336625383607605,1.20542629625523,1.32152779112098,0.316012262064495,1.44226429727255e-06,186.467088981161,-9.71216375407438,-0.647519935354925,-11.3033820325433,-74.6286707157729,5.67239109538352,33.6881476335979,468.289362372401,0.0655924313853179
7,6,2.57418836656048,20464,0.0861022440410599,-0.0422548304477873,-0.0666535826453406,0.00220296095533499,-0.0725794550587753,-0.531454080663164,-0.232026433938286,4.4962555325107,5.11761375731519,0.216871955496536,-1.43147113537487e-05,169.875600437365,-0.277073008417409,6.67953618383217,101.731551473631,202.758118323251,4.67583739332186,41.636615613928,-254.303368310666,2.10277204081168
7,7,3.79865527004894,5623,-0.24485727738504,0.104759262660444,0.0764082742355657,-0.0145266188111902,0.0157492426422733,-1.13294485621092,0.201630114251433,-3.77213935206802,-4.28370544466669,0.154752744575248,2.24790044114575e-05,145.883873085296,-3.939734925353,4.01866728101255,52.5800095085146,20.8290283799556,5.84075158055863,45.7344168488955,279.079483715608,0.17004666925793
7,8,6.02137123741488,18112,0.541301378981822,-0.0562130513243587,-0.111971168331193,-0.00317249284285351,-0.254220703168809,1.22485818955425,-0.377739151152182,-0.117129002842865,-0.00453455852779933,0.0611301447045654,-1.58983219360103e-05,136.819514259879,-9.06953506417316,-0.146321669684435,8.16490831416804,38.7888582281056,2.32561485002555,48.6167998304905,383.697366150148,1.47195341652891
7,9,14.6639883330019,11257,-0.161017564087874,-0.139244637508232,-0.192219067599343,-0.0223380768559191,0.53781538560734,3.14400528674414,1.14101146778974,-1.60029676750436,-1.59319177565062,0.502580460748104,-5.62296744717016e-06,223.561534250984,61.9644512729363,4.24122101512916,40.9546655249444,410.848485705714,6.19749074760221,56.6877742446491,191.380361122855,4.87025926495436
8,0,-10.1354743505037,12810,0.45391823362887,-0.0562751833673625,0.17048897446741,0.00623099341329067,-0.504253654578793,0.480750060304675,1.59661171747329,1.13331391386443,1.12435108969948,0.70985767117739,1.80204627203052e-05,226.223384904086,-44.5392773011829,-2.68431500621562,-23.8060665703233,-299.2220485835,5.99695099516934,70.3687199118375,1033.04672455528,-6.77692321773489
8,1,-2.79397486038206,36830,0.213666035204558,0.0641637966501468,0.0337698082480469,-0.00369703562522793,-0.176308735052712,1.17770986252645,0.328997165646959,4.90160767590807,5.51197040361873,-0.273372158028311,1.53992083920464e-05,210.652439918933,10.7115352168249,3.45244630195755,51.4742207099017,129.353784890055,4.88814960894774,-42.3712716332907,310.72214030242,2.1964086129773
8,2,-1.62684539840692,7109,-0.557825982772784,-0.0749688460577601,-0.245841588380534,-0.0174441518243309,0.0169888989839719,0.290450709375547,-0.311126578055452,-0.881137781275704,-0.728648994748571,0.0868411919876369,-1.07725556499513e-05,186.560781424996,-12.3367224679302,-2.45821380573984,-40.9790449704649,-90.0089938974342,5.91028774269768,27.9600498196444,199.702898103529,12.3331371155049
8,3,-0.422155872845375,7362,0.185094913192799,-0.102925822999179,-0.220316007392794,-0.00220005571749335,-0.284965346305769,1.30377952469071,-0.221312571160472,5.5800096409869,6.55289323366003,0.590572386691036,-1.76221297425514e-05,195.048857749948,-23.7483703165826,3.94223477470686,41.9698210583074,-79.5316656910364,2.6766192012424,36.6257303712614,-734.865134313415,2.26170049546477
8,4,0.455554921332715,23724,-0.190946097105243,-0.124477120429383,-0.0483748669456121,0.00130700220970814,-0.589351286787158,2.09807590471664,-0.514365964967174,3.31795173870064,3.81105124228196,1.17141483797614,-1.76571847882111e-05,193.169416028591,-56.3095982111162,-7.30300837224667,-87.7113991276712,-146.375567632083,3.92683185496257,48.4185425858542,180.476926230773,-1.4098829375004
8,5,1.70157829066418,29836,-0.0469575829425894,0.0533671657965675,0.0444488515585764,-0.00417870528857566,-0.147166221527247,0.467816198527285,0.288016049982898,0.547901322445962,0.570552271433835,1.03097895895152,1.692542205571e-05,175.368168531302,17.9369679897743,-1.08076730695008,-26.2902509505824,286.668290606713,4.64640303553265,42.5216697159482,239.127885501122,0.893314783388762
8,6,2.16909747669403,19681,0.416353656107386,0.173882883563016,-0.0460715728703596,-0.0120355875159949,-0.719582943433114,1.07195102165351,0.949164783080744,1.70538014047842,1.96906789528999,1.77340245714902,4.72545366496941e-05,267.421395522312,11.1097201635088,4.20222547348972,46.05083940802,145.374599733619,1.56653371606702,62.6662052208152,130.579177118865,0.857253426047733
8,7,3.43886396675533,8237,-0.980801406332726,-0.208775008959674,-0.084628552623503,-0.0105142033841386,0.105244828776487,3.61072592494288,3.23751627413524,-0.881895010510894,-0.890389565692902,2.17446929105571,2.5982927289705e-05,182.885237075904,-11.4932990182902,2.8871400639518,9.38927491073073,-59.3144327318536,9.64911050303334,83.3348113222026,875.844629747252,-8.59514134164008
8,8,5.93860268172234,2515,-0.582552939600889,-0.497507539841986,-0.0983746618454615,-0.0319214310968249,-0.311936021658235,4.9348891120934,6.0492058390247,7.0636373376186,8.13986742413879,-1.432816526048,2.88632650328109e-05,194.559461631173,-30.6089299584852,5.529117450114,108.584971206642,245.491145038163,-2.07703495379673,101.746939868754,5.54542118655435,-4.81553234230644
8,9,12.0767408035347,5972,0.484043615233473,-0.0590926197674319,0.539663967822741,-0.00452327187148437,-0.362142835193134,2.6309122436781,-0.864347893138651,4.22211135009396,4.31128786530749,1.20064829103478,-2.55188542851262e-05,241.263691455665,38.7513836100237,4.29359239954169,49.8998319383234,532.691360121436,4.02805851805274,24.875603052759,-53.0344917644659,5.03737127998809
9,0,-6.7179952888291,17920,0.805177061825187,0.172884536194044,0.0743304142605785,-0.00112828754884289,-0.45960008783553,-1.04519669546148,-0.562506458086949,2.83200647244677,3.19748417176487,1.46684601401336,2.24343138740668e-05,183.297544812919,13.1712009337295,8.11866943568821,137.534558793079,73.1005632570912,8.07660036268535,47.1250534643622,325.235211822068,0.162860861827013
9,1,-2.46187740379397,21022,0.135457228583422,0.0488427935920817,-0.198772294653972,0.0111872429608011,-0.607554955181336,-0.0873799115618989,0.267995346735081,2.87943156142689,3.51981057423338,1.73197059398051,1.45761421934298e-05,287.180821125556,-19.8305631170233,2.90309684896676,30.0269104561219,5.9237990902225,2.54522371105336,32.6323389095105,-253.476760907445,-4.74039475373564
9,2,-1.42868607275931,2173,-0.0200504406900948,-0.0630259025086415,-0.0806492238141592,-0.0163931767023184,-1.2228921578222,1.68705412434793,-0.305126458451799,5.72688578785947,6.72700479835505,-0.750843696938909,-1.6961917470299e-05,273.570839537922,17.0124205667493,-8.45153396907206,74.989363302884,454.523677366613,5.32314046593685,116.444072336859,-451.382381283956,-0.108299603742361
9,3,-0.481075396754095,13476,0.201761170256623,0.063845953762807,-0.0343146740249575,-0.00441130792541985,-0.205006876535995,1.22717806778922,3.40398301172612,2.66194413443515,3.10821890808291,-0.243035040746259,7.32136432739227e-05,178.146833198134,-31.3032198327519,-1.65606268631753,0.492914113192214,-189.563345653268,6.84248624223341,193.360821883351,179.410979576518,-2.85354039154138
9,4,0.893900872844798,19692,0.681973849335612,0.0189242385330337,-0.0434708738841742,-0.0148312649948226,0.0828462005173932,-0.899582697013173,1.60302226225321,0.777544479859606,0.962377741311305,0.418637295440998,3.16599475414142e-05,203.02053677957,-3.53996562895598,2.14600351005335,17.6719480219253,8.98793216954444,-6.22510003912799,-188.26692870744,275.701996752774,2.19494697444304
9,5,1.67159098041584,12846,0.149171259806624,-0.0821870013680404,0.0516258660370397,0.00759614870697827,-0.385605556637327,3.08068619533393,1.59843869724008,6.14091636292013,7.05974613205444,0.52433270760418,2.39134443182654e-05,294.442183869441,-30.8766088453987,1.16338627943924,26.9864551219554,-126.68458977166,1.14547771845231,53.428500192323,-43.982860884557,-0.251026200669042
9,6,2.53052996710352,2320,0.692967032374764,-0.00617639177465001,-0.052563534245139,-0.00311058628040043,0.320082767144176,0.239958874686359,2.45166172702193,-4.60517538319817,-5.23225672681973,0.578808546909593,5.35786952066382e-05,235.154640730058,-33.1173584189187,4.62876448734282,76.9917563365896,102.654676413986,2.92992212821717,100.613851293574,823.242187573623,0.51585915481578
9,7,3.32236170042238,2993,1.31332334691716,0.227378726604383,0.283206005603654,0.00931525825293608,0.381214024868619,-0.838683290481629,4.56471131086426,4.97591391790633,5.57247470817504,0.479542259067098,0.000120158880515734,254.667803957136,53.7190019943234,2.58942852262409,21.6530084586916,-178.516491451471,1.81252454085034,13.5985394173191,-745.168857688553,-2.71703428952975
9,8,6.77226533314301,11121,0.22715444325956,0.0732034424429868,-0.0868399241965626,-0.0140320294972336,-0.388625226224407,-2.05583014643899,-1.4571721868634,0.68031331196546,0.867384906249595,1.71315128581971,-1.40652937490388e-05,181.576310369153,4.85755595261203,5.51092642224916,77.8537628022501,448.740417476161,11.2893518724103,50.046547826536,204.09272074202,8.78918942762408
9,9,10.9474979930013,8069,-0.00317029775450072,0.0439010346212748,-0.115605546705963,-0.0145599643053988,-0.0296438273718749,1.50203869455051,-0.761846212892893,1.66468820793222,2.04752511530299,2.9985681084339,-1.26564387422796e-05,253.698714430612,72.5620537427895,2.97341363629733,56.9634604946702,516.032193172538,6.99228699752797,182.654003442939,76.9508586837052,5.01661071938145
10,0,-10.1370203542863,21342,0.12628540895927,-0.0350654309751826,-0.0263299790195583,0.0304905981491762,-0.0020057571040728,-0.437969632525528,-2.83079934002201,-2.23248037533453,-2.41921444986071,0.393412826815059,-6.04422682185355e-05,171.450203914756,-43.8359544817773,-1.69416354997213,-3.04010673687894,-167.269783204676,3.68824743751216,40.4300429080898,75.7093480054067,-5.70456909533618
10,2,-1.3663070745759,8429,0.278433569957108,0.00683408199323285,0.0801788314290425,0.0115149875579453,0.251574744766093,-2.34631872152059,1.85261640436755,0.0834353715439667,0.0249785473681035,-0.296387062729127,3.70031200224636e-05,95.8393131799055,0.440006942857863,1.7493843578982,41.9758587665066,86.5135324931246,6.57152662040776,71.5000897949527,194.171802169611,-0.867778440778796
10,3,-0.771672023632323,19425,-0.340166640458612,-0.0209993140087904,0.167807203156474,0.0128820076884776,0.057765105136367,-1.3718330382679,-1.06991931934526,1.85685500284403,1.92334358310221,1.73816222140805,-1.9634387279848e-05,142.568594164329,-22.0404886525447,-0.487500439024805,8.33705120616244,23.7207617038864,6.06854403570074,58.4294760168334,135.240119250522,-1.6226113946892
10,4,0.260773316122256,16706,-0.222393757990782,-0.0582890453214553,-0.0598402305668639,-0.0113009771495768,-0.0896740327287928,-0.868944976354626,3.25119020369327,1.92696017154054,2.15952324618448,0.412491979541708,6.109779429142e-05,152.433783936486,5.22459562299828,1.78644915620419,23.6954262385794,10.5946269264115,3.95622585460229,63.4041901039266,127.457357224486,2.54522977698958
10,5,1.51660707362257,2108,0.153384192703351,-0.0112323794337676,0.0204424013163473,-0.0352595418228686,0.334423332110232,-3.79522663088641,-0.451213719869059,-0.822064087123185,-0.918763296136149,1.17956709809841,-4.38414954792942e-06,131.871376227709,-6.13967532357364,7.79005445200209,50.9150904988895,362.907211073595,4.2298179844276,68.6881817102357,72.348051771812,11.1735000254448
10,6,2.26069284689542,12537,0.176513268741112,-0.0781554997633807,0.107954020500333,-0.0127928747602093,-0.0807418660143709,-0.279863837752691,2.26604210306385,2.10633640045533,2.21324489472479,0.515085035751846,4.01802512072935e-05,204.815736509343,6.0090320861553,1.45020114703391,13.098592779811,236.833309074664,9.62537600308711,127.484238666278,41.8264638687271,0.477534542101813
10,7,4.37489564403199,8330,0.488642280980481,-0.126703843145493,-0.106543089617475,0.00430369393712988,0.291758170036078,-1.07949359286863,-0.611229537879447,3.2225503658634,3.62287846980406,1.97416045310827,-2.27877987807701e-05,181.88634510807,-24.4041988220082,-1.33422382050057,-24.6824377148755,176.16348859629,7.65289218941789,151.665399964087,-59.3977723668928,-21.2879340177862
10,8,5.94824112476264,3363,0.141871119336358,0.532582769929622,-0.00892794191844606,-0.0234137093068194,0.28402657394254,-0.548118009059114,-2.23946983636011,-1.73290081113757,-1.94510979916173,0.706679654674966,1.48619504630955e-05,202.558957647167,79.7267580049488,7.08572713461677,61.3330923067984,686.125528824566,7.77551060740734,11.2503471840288,44.6040488818578,8.05211287992223
10,9,11.6700460578658,12987,-0.0587750777152428,0.156967029189237,0.0206107511618386,-0.00487028017661876,0.102649700247784,0.900217608763669,-0.632612484016102,1.56164503132423,1.66274623089818,0.841852654851518,7.71529215959354e-06,194.592615984149,12.42362399012,9.52065497876908,154.153146072232,210.044131994423,8.23263279178882,94.9502739999716,-5.6429859589015,-0.254134809549401
11,0,-7.25546385272903,4010,0.271905000860591,0.454330276581842,0.200428108513139,-0.0103310782266925,-0.055284178368989,-0.814874626103976,-0.280089861153646,2.9552761795953,3.30350007568223,-0.598477909090678,4.35789892199108e-05,185.383844511105,-99.688209575032,-13.7757267184129,-144.777095319366,-994.852204195758,2.61949955959401,106.637276765537,13585.6366639934,-19.7783540478938
11,1,-2.88174784661484,20827,0.200603298719483,0.0381877241805606,-0.136112950134564,-0.0136408774923198,0.612425820773234,-0.490764968526255,0.641797650011054,-2.11653950425558,-2.40655240997096,0.368503963348446,1.60001320876837e-05,157.088177781664,-27.9485742302496,0.111096268772766,22.7512220754042,247.240440599435,4.40868764573775,24.9296064684822,2053.22980428889,4.40028319278906
11,2,-1.409687983992,4623,-0.321886008059272,0.0378245614837447,0.0818012743116195,-0.00218687462078595,-0.508939800637869,0.272516233047641,-0.270319012381832,-0.185181458682075,-0.321727373400558,0.29737336537786,7.43758784807559e-06,184.878748311654,28.6822933340626,0.906601297026435,41.5803754638201,195.432158036598,6.35489136565876,31.0848433293394,327.77179089639,-1.57204761861223
11,3,-0.712986442309211,12018,-0.302527120521851,-0.0209613055560025,-0.0842870041329681,-0.00778490679802861,-0.476324379379918,-0.701889340927008,0.0629236959947416,2.23674216459802,2.79688919377264,1.02612722259074,6.86251156535079e-06,180.137711434198,2.71506418673715,0.634624453168543,28.6898570416857,-56.2049137684453,-0.507246655842371,28.2870486030728,335.151589892264,1.33380104233009
11,4,0.47898266082568,20019,-0.279701525604072,-0.161676842031636,-0.0861939002596242,-0.00652634755592421,-0.31519526481997,0.754220677156535,0.697437596926279,1.29787128244581,1.66345658388891,1.71235193042191,-2.54301895229699e-06,224.30106278129,-32.0586545753523,-0.552102445709157,8.02663737155217,-51.8870909426958,0.579632270469537,31.3722303021702,198.305605582098,-2.22973481082431
11,5,1.30523785016936,1293,0.32287291422801,0.231721866464683,0.202243108632281,0.0270633122174029,0.176084079753222,-2.84611237347648,-1.77917785581486,-3.74485299180613,-4.71647416741145,0.821945878950621,5.57621244462805e-06,39.881314696228,22.4181413390252,4.14104064816729,40.0807913883714,33.617560650921,7.83191030319722,31.7921343156842,539.578002708349,1.17693773095546
11,8,7.84664237255732,15813,0.0306971705955062,-0.0689595070808094,-0.238003471944919,-0.00613582919031357,0.498795678708633,1.21487580566349,0.570039383541211,1.32102924185729,1.85630966070583,-0.728420265974954,2.82802718865282e-06,205.547864947327,13.3670265764007,0.776428131594463,27.9783512783688,704.97984882581,7.97442582426894,29.0064819552513,5914.07110086224,-2.6481459287481
11,9,11.0859559412758,18756,-0.257695732600968,-0.164601017185674,-0.342343116184964,-0.0191728276691093,1.33451436628999,1.48726056361253,0.541908182591332,-4.2093271384402,-4.6737551651327,1.3065310296682,-8.22116977352539e-06,284.373010188612,54.7712763139965,8.87433982852571,97.709415217005,462.448779350685,16.9054102232446,67.9298276848125,1138.69859072692,8.88794528165457
12,0,-9.01421592294894,18204,0.262361566682673,-0.0627751568405386,-0.0736460920632312,0.0137859472354367,0.0906949944373462,-0.865407764743556,1.01697669470786,0.0765269044235537,0.151489800812928,0.329643484713446,1.09356568421226e-05,206.369455342346,-15.8465642140035,-2.13289738792008,-32.2781732953517,-62.4242964849313,3.5184442460294,73.396811303962,392.598982743383,-0.641397392561983
12,1,-3.51743845956548,12339,-0.151962395087551,-0.0381899175400811,0.0796866034425574,-0.00189391838142909,0.0541649881557335,-1.81365121664888,0.348269215423718,-1.14589716030072,-1.3177404624261,0.414115179712791,6.35433673342409e-06,185.167034063878,20.9746921679004,4.34740399496617,50.3570089088269,289.471812600222,8.40819213329038,90.2273236223431,1.91964917647411,1.78295189463708
12,3,-0.921106010222805,18473,0.0658722164447703,0.0364599104417571,-0.0369879508850344,-0.00359136029180249,0.148033424703368,-0.641952588221495,0.0341271213482889,0.385098633841599,0.452686808997816,0.803758202828887,1.14042006229333e-05,153.390555252003,-0.645343099957758,2.13042856880249,40.9976180322203,-3.65368107880278,4.95550073336179,58.1090899915348,64.4768902415889,-0.875498689337482
12,4,0.247046992368737,8092,0.190329917712774,0.130430525616708,0.0198279316594406,0.0105788655445252,-0.0505035561841758,0.266601000822158,-0.656355346684063,-0.844580914233745,-0.918949030044434,0.845412283840846,5.90337513193295e-06,159.385579467944,-3.02443023281446,3.18789450403339,62.577866238201,-113.828797051762,13.0870502034112,310.104325940198,-79.9371587814671,-0.0160982646672098
12,6,3.03669299145694,2887,0.00108971756512532,0.26430152892499,-0.108627507758343,0.000110330278477736,0.059817681870112,0.161082796994203,-0.209611033686464,0.261408639867297,0.392256134132016,-0.0295166105369367,3.78199475846752e-05,149.208962840806,-30.187581588351,7.19328359326097,91.5652462244066,-8.64019702168838,10.6864385876728,94.4881094776254,130.08559681015,5.69513857605628
12,7,4.44170604530963,12784,0.177435331694775,-0.0106557357991076,0.0525575406672415,-0.0110379182392237,-0.0948399738949684,-0.859159232031371,0.514411460910013,-0.63751948513798,-0.737525076432353,-0.610709681126363,1.01967057527376e-05,121.323199163266,15.5761299473935,1.37044052879372,5.44324248877464,142.239208481267,1.59157111763415,50.4793132563086,9.21886019458183,1.6934660515972
12,8,5.87013295346625,1244,0.182634585424957,0.0332349547054413,-0.855484680630072,-0.0453978766372391,-0.139073747423908,5.30986584732551,0.0531994691593098,8.1955744042467,9.65944293888982,0.837677283480479,1.05821937568524e-05,248.176389129308,35.9947492931746,4.77531590791082,22.8833304483297,358.995557094226,8.5151174196526,39.2757775085115,209.845969649759,7.04252495528255
12,9,20.7813118413985,2247,-0.175571842274371,-0.12890036868644,-0.153106250849319,-0.0187964662019919,0.300596999018258,1.76119189652606,-1.60848724334248,-0.831639800309284,-0.775912525051051,0.312023626433692,-5.82394883364936e-05,186.546035979527,108.523240531468,22.7552644645033,188.952630854795,1083.15711972543,12.8455089952952,110.89354034136,1789.25538680196,12.9942088489045
13,0,-5.47392553418054,12648,0.117716747425343,-0.201961220817796,0.00694002810352211,-0.0129304661114734,0.568891254005287,-3.80648717177418,-0.432076268131558,-4.87103307916477,-5.93883663181924,0.578726963912309,-1.63137075130782e-05,211.870475236644,24.970470367018,5.24064544164822,50.4915679961595,335.071318168034,4.21607488963759,38.4945017531267,1162.40332371937,-1.2422151677324
13,1,-3.70674451134239,2924,-0.81927007445464,0.149633763931547,0.019609829854538,0.0185195991290373,-1.01275290368043,0.345373274450596,-3.92572491204734,-5.41915917899142,-6.58265381318413,1.58069274752779,-2.18234588713752e-05,138.519826304152,6.68125718456797,3.35687595742517,60.4698477802652,179.231951992799,-1.7724425420771,8.88458014812292,-640.806039630252,1.75679104607304
13,2,-1.91903780613457,1313,0.0751014561010994,-0.309755681149174,0.195745515915065,-0.0126273538992901,2.35951454750435,3.84898210290829,2.29620471761063,-4.38082342321112,-5.53342806906767,2.52320047882574,-3.5696063424781e-06,117.86571294007,87.0800855606607,5.5851878017192,-7.6132697515603,667.89713097061,15.3033478550966,13.4033517798975,6414.72960084771,15.5261980454489
13,4,-0.128425937554198,4326,0.865914408009781,-0.304045721517097,0.552057468269598,0.0115712423419066,0.402019069225178,1.23256128335869,9.68870361409847,-6.98684482822841,-9.16594294789626,0.583276763315562,6.83507648788449e-05,149.737572486699,4.21877842706662,1.87112814977467,2.56269773327883,-173.161665984305,4.12175680202522,48.7069237354422,3815.4243480847,16.3954888897147
13,5,1.22799289899753,2842,-0.0142050040887369,0.293683887731156,-0.334152641852848,-0.0134332289166159,-0.655982120361159,-6.44575219604829,-7.4996043155978,6.75782795642218,8.58704598961775,-0.202749676857745,-3.95071091297559e-05,121.311891635235,91.0280935925534,7.39884328259751,23.3065235168415,498.658761771624,8.76952702524439,11.6050410192836,35.791111609379,8.37688939302067
13,6,2.95810183633856,8608,-0.116981987777433,0.0635547746038982,-0.0640557854137611,-0.00297511849189229,0.275435083233392,-0.79879336143095,0.133867398505343,-2.83591814644156,-3.34431602041643,1.10188044373775,1.30968831081457e-05,246.234535072823,36.9420596911676,2.2703053762594,11.1340043284334,560.039639376858,2.50906320758217,4.22096774258608,-374.549346334666,4.89472098310387
13,7,4.84929078681356,9202,-0.146679148060952,-0.473884196650728,0.444633883546287,-0.0102732466152904,1.85766418782287,3.18657998651369,9.49960481112215,-2.20867158471062,-3.12036788038762,0.96573820143639,5.57766765641351e-05,215.444588762739,14.2617314579536,-4.66936656642333,43.7232805218907,846.879125125306,13.9346210376823,60.8225617397754,514.678984444499,-1.06053578789877
13,8,7.416823955813,10487,-0.0920203828392547,-0.233618734581178,0.540010922251822,-0.0288081049716852,0.40298148471507,-2.75612493430489,-2.91006083389014,-4.07224778285814,-5.51804546372428,2.12525783616285,-3.82835592717898e-05,323.888358874431,164.915377158478,10.6834364389429,132.547522143206,1659.9886129209,14.7622866034775,11.6641102280116,378.244087177725,13.7274518556602
13,9,11.89666296357,6099,-1.191605923102,-0.104442647769281,0.62969409513044,0.00713891558650891,-0.123023032085376,5.87470643999234,-4.06515240214995,-10.8854553342421,-13.883982480394,4.35568962602761,-2.51505017754209e-05,337.470956259075,79.2029968058107,9.0912539138729,77.9189450899893,1220.96219458719,12.0953594360138,12.2879521804986,108.351728519576,3.87869527972318
14,0,-6.69625139956629,18582,0.0726287974210188,0.0112447037227847,0.179400058311272,0.00159383860926009,-0.840882931751159,-0.259355495316989,-0.0481383460453531,1.96622195482379,2.11305801032547,0.370462826369383,5.8554758129031e-06,185.338670790855,-53.1509933253381,-6.901518901502,-62.2616096447444,-224.486390154527,-1.81059884695203,23.6145459438069,742.103189888611,-6.68450699877739
14,2,-1.5234375,475,-0.153044270833334,-0.25149739583333,0.17912934027777,-0.0875799305555559,-0.207316617159022,-4.82765625000002,2.50807291666663,8.0719618055555,9.25886031937955,1.86157031250001,1.08854166666668e-05,207.334722222222,-73.9402777777787,-7.35590277777782,-48.5819444444448,-164.575868055558,1.55052083333332,28.4291666666668,-506.994184027776,-39.4100694444445
14,4,0.0629428200074996,4146,0.359031568067107,-0.0124486269287325,0.113980635540428,0.00496475615421614,0.0876824555226061,1.60718750761798,-0.00720055331007075,0.953725753505324,1.01893935274904,1.97204739354312,3.96302072196345e-06,181.109267595488,-0.0908671101598202,2.72151940172278,67.7742148032727,189.430677087426,18.3297794908915,50.8438104007514,142.555080610958,1.34556665874969
14,6,2.80731622452294,12527,-0.138375092924955,0.0490239244567098,-0.0733589733579629,-0.00975245448599911,-0.478157026957844,3.24332990505545,-0.513821921628807,-0.455375914900833,-0.460174504213216,0.510328493382993,4.27158690310097e-06,159.062330561186,66.7702070971663,10.2314391209822,114.40481862535,635.425810260859,8.32154688196495,55.2098318033907,330.123030733267,-4.6887581313679
14,7,3.68292849664136,1872,-0.274156134531395,-0.134304249244197,-0.466748754338823,-0.0228080334648979,0.468056756210322,-0.144436793192256,-0.635402670473671,6.23856511029028,7.76831619429683,2.12400836972346,-2.12812115104691e-05,179.16325509461,-42.2392894132791,4.45724163027644,97.5960873642386,506.371483456486,5.91560645504432,71.0927842626814,-93.6571037677743,1.56628946926442
14,8,6.45126567726682,4758,-0.508113417785933,-0.0483831763567788,0.328892219690447,-0.00851369964962075,0.78706289700374,7.12485612171372,1.54904075155728,2.63701979110143,2.77474054887899,4.85378415956145,1.32940794442987e-05,254.571706442406,27.4726327245909,7.02111018942687,72.535903441757,358.566994726465,12.5066683547006,80.7491047423193,1231.1192517566,4.31125052357031
14,9,10.7167730116715,11745,-0.60850521588883,0.0640527826777021,0.150616403854566,-0.0383686077510003,0.971357740726117,0.384669568374814,0.218180877456546,4.39872282001005,5.09428263166722,0.960280197978948,1.46858842657181e-05,232.302940162091,51.3676925389477,8.90582461723065,105.774173057894,583.785302032281,11.7177479966069,62.3887505055987,2373.66163087056,13.5867169872051
15,0,-8.22096300945173,12167,0.0860926651109924,0.242469909138293,0.20654119238906,0.016093006547973,-0.146455520534953,-2.39805098822975,-4.23706708188764,0.90360554077302,0.882530359466924,0.297350311927977,-2.86979725135601e-05,213.371198341342,-45.2901754376199,2.86560156261675,61.3043438008781,221.207518865865,6.98111758426737,34.0244802792199,190.303817895758,4.48335700132347
15,1,-2.90531180093635,6122,0.829520086265959,-0.0193391453972844,0.293255792216385,0.0243143032406572,-1.46674668262163,-4.0977609823837,-5.68493458120943,0.719217568907456,0.578743013615199,1.12767700929974,-5.44772491789394e-05,171.428194078461,-5.52019442718632,9.43365279026059,149.624631798459,879.579542043618,-0.508304596375294,-51.7398755257431,-58.7605274468514,3.81186337552518
15,4,0.448676671799148,6011,0.00622607480330524,-0.0358974106574429,0.110446582803588,0.00534113231473938,-0.0664150812532227,-1.87435005151916,-2.82790232240994,-4.92026135748628,-6.22869816592232,1.36166305525602,-2.91356595522399e-05,167.046652110528,-13.655781291395,-3.35384659812161,-30.9308864132034,-233.748256089165,2.58390597358073,21.4591434314752,497.59798984754,-0.459206962836603
15,7,3.91614912395072,4072,-0.268305003870501,-0.285307073589074,-0.190250577059345,-0.0302314369678327,-0.284189447943097,-0.24786781145297,7.87889997876415,8.16394672230364,10.3530543417933,0.832359862633234,5.68519953146479e-05,194.589749853651,61.9774322177596,4.28293098481468,35.5066324724112,656.240491098444,6.1329369102332,31.2771121712596,233.889749579266,26.609359857844
15,8,7.09781423164962,12658,0.162002924273401,-0.135271628390442,-0.258100852825606,-0.00571322242520342,0.978394932735969,-2.57084026486883,2.40037607939653,-0.216793466610889,0.0271787305241757,-0.493218525387912,1.47750915545607e-05,136.229805660509,102.134842138634,11.3299614348301,119.189453118794,996.747671004524,12.1995134548887,47.1039761504514,241.501904568085,11.8548305349222
15,9,15.3210445888968,9617,0.360029674252893,0.250178882815101,0.145873833608703,-0.0155996515418244,0.781623522655843,-2.11981461835924,-5.17113014496964,3.65542770187717,4.40095188726364,1.20836631051896,-3.14676613096698e-05,191.966404608696,80.8287337058022,17.2564159378873,217.419285058673,1203.4233338161,14.4468585405706,15.7238238472539,-4599.70486252193,-2.48029380825453
16,0,-6.24730230341079,1571,-0.476208936528109,0.183506704809588,-0.145574468085102,-0.00946679420704468,-0.371995187899995,0.264375713544378,1.06817450384413,1.12799928482035,1.5229093580809,0.333870194886459,4.13284462721249e-05,93.5138208474865,-71.5060432683687,-7.87441444662958,-83.4806007509358,-574.955837654191,-0.389898086894325,-2.79468979080997,149.956999821208,-4.57203647416398
16,1,-4.03797599695645,4026,0.49661259114032,0.332416503449936,-0.233789529381162,-0.0299128932669383,-1.60874592143227,2.06766052870991,4.71424913911176,9.9048339883332,12.1227296154908,2.65024217946597,0.000117244325818956,255.597399840392,-192.046827195098,-11.1852360348355,-48.6180547554706,-801.072605834811,-3.63135745100274,52.9468734931747,968.025527947465,-30.4589931342314
16,6,2.78872279773383,8408,0.0846392497239402,0.201594513084718,-0.00706444696004482,-0.0238525643035838,-0.0316378158611255,-0.276062224464721,0.838213889549972,3.90636436612893,4.68813559046383,0.0171258746057993,4.84414129822044e-05,241.936423915645,-31.2902610770706,-2.73352852908957,-3.57789443256181,-265.801741584053,3.94541021970832,29.5383588037673,975.103743753357,-3.89581977006841
16,7,3.81105555726154,8485,0.50605742917548,-0.335174956670625,0.0103320788457056,-0.0105885681231741,0.816571200797462,1.12961609804382,2.18250982018817,0.624171605035067,0.724952469943835,-1.00805216688499,-1.041058851117e-05,140.427993371796,5.15730658388285,3.57160831930376,32.0011957726512,97.0054182453765,3.77820511327483,38.9647593778666,1965.01358862207,-0.506588986661016
16,8,6.04654794335318,3486,0.817179592796338,0.085985356700206,0.22141288204211,0.0115060845969015,0.529511064383364,-1.45239916813994,-2.10465759145945,4.32080770379763,4.95399535148324,0.370249093520355,-1.70153978838404e-05,131.510270910481,86.5610302506496,5.61815867199278,68.8463580967586,1038.25345835882,11.569216515463,44.6033828228546,-122.782845798762,10.9545714915692
16,9,14.2976331495119,20416,-0.543000117585686,-0.0170464047618795,-0.00907646368239876,-0.0145518918264814,-0.52137385768624,1.45815989939296,-0.10388984037491,1.50292166184805,1.7829976845922,0.239812069190912,3.48206518029756e-06,218.42254639835,17.9761108181268,7.6383636239592,106.609960971734,462.495222701762,5.87688556360227,43.5459112193156,426.195701880067,-6.96060670088935
17,0,-6.88642148978215,16476,0.269456849626293,0.142421330029104,0.15806812449525,0.0173352833791606,-0.595241005235003,1.03666693327893,-0.314651472136633,-3.70664842062422,-4.4652817745892,1.4345323024265,6.06298610783773e-06,197.556145928508,76.3431065612435,8.57819023543346,114.662627408975,610.935582756652,8.00306571783415,56.9282557232215,313.224735479583,3.90134601818368
17,1,-4.06167852792238,6116,-0.800690111526534,0.128113865126354,-0.192485681557855,0.0363504009163778,0.0661643292353358,-10.6233887886424,-6.46863347225252,-6.03518071701866,-6.88233597778177,0.0393231946576975,-5.43601179595968e-05,162.345482683834,48.2040895907943,7.32481538349122,42.6999463820012,522.266773902689,3.95455874826408,-8.90754551436796,-291.886731983158,3.87653237795863
17,3,-0.616470198633346,2358,0.0978602586766039,-0.523257493863732,-0.0542775750022306,-0.0221039475524929,-0.437138406279017,-2.39498073278991,9.93905711487866,-4.03144434129009,-4.73586496138338,-0.903103610535265,6.69481502206524e-05,87.3477763223129,61.3022472053001,9.19192176113711,106.999198789278,171.963996388193,-0.205466037567875,36.0790400732524,550.283189836052,13.4563022217699
17,5,1.64614224679564,2135,-0.424661983264173,-0.532743536368319,-0.190190665821945,0.0292328823121239,-0.864895883410276,-2.44542882720213,3.35475306965944,5.41607083597291,6.56581119578371,-1.06274851419432,-8.13044921109039e-06,159.657057953961,-79.2746854918973,-1.87671584155433,155.040290222334,-301.831477961808,-1.43773192144089,63.8193501674387,-81.4750807011172,-11.2812773403321
17,7,3.20254119330333,3077,0.0273154236835054,-0.136209043250333,0.440045985857527,0.00381732870553837,-0.537268868433575,5.98930217283365,5.73809396811862,9.89515453076844,11.2358461607728,3.21966263068063,5.45105763662402e-05,170.146385138217,69.9260530647029,10.4497470206341,119.109169740002,1120.55138071863,1.98226477490942,-12.8988425432041,-261.139873967506,7.55049300496829
17,9,19.6863199359571,10262,-0.0983801076529895,0.195836836229485,-0.0491526125274104,-0.0219516716171466,0.246445976984687,2.09556947930148,-9.12159215120472,1.49320440781835,1.75182932771282,4.27333423755202,-7.22072277844891e-05,252.503189515132,54.2519441745939,13.5993032591577,176.29034473375,775.075465891869,5.17238053958078,64.1861655179619,-534.455445019936,5.17631681272421
18,0,-7.0581705294117,9375,0.354938020525259,-0.0474878139555651,0.170405300865962,0.00301932584904852,0.178071310898969,-3.88506994934106,2.70667745296462,-1.15293253295305,-1.43499211007658,0.948164612712741,5.7277206752452e-05,173.80217646481,16.9710106986966,2.96860203802822,23.2782975528812,444.593672692746,6.94822958296868,29.9821667236216,176.313888137963,2.44264283379036
18,1,-2.99485575058533,5708,0.405036529100509,0.145024592592589,-0.0854314497354415,0.00703414222222207,-0.813288805728937,-0.302758772486802,-0.750078306878203,-0.0527195767195721,0.0330314009923523,3.43973519576693,-1.24897354497345e-05,174.544135449716,-11.1486433862443,-1.14373756613742,5.70442751322821,147.622882539669,-0.906493121693175,51.7171386243414,40.0341756613713,2.05592380952357
18,2,-1.87988136431038,1499,-0.018082429396274,0.188702824149006,-0.201303167202184,0.00500909622399905,-1.05188719866192,0.0599692218491157,0.469519000797238,0.158693498900781,0.333396732541758,0.433978885318768,3.11231367622551e-05,113.48398038316,34.7708887976238,6.51170004590135,94.3601720097622,277.716324016144,11.1874761433096,158.47332157611,60.4797139612971,4.42464667939021
18,4,0.722947761194059,2051,-0.289376068376063,0.0277621082621096,-0.175860398860396,-0.0295429059829071,-0.038543714313505,-14.8485313390309,-3.46011396011384,0.643019943019929,0.891118758608416,4.76857692307691,-7.36467236467251e-05,142.006837606838,122.666524216527,18.480769230769,157.828062678065,1025.39857549854,14.4716524216528,59.8750712250731,89.1094017094003,7.60527065527085
18,6,3.09360672835146,7400,0.200378442831982,0.250818060516957,0.0397912102811824,-0.0209875615931336,0.0909743088247838,-3.41577023274276,-1.9301749608882,0.459653266706156,0.507856907643547,0.702140500556889,-1.80617569439003e-05,92.2615697750795,55.5518016758354,10.027226543679,92.5191859400078,747.431375861216,-0.768129643875885,-101.553014964121,54.5650533913703,7.27544144351151
18,7,3.18352059925071,4238,-0.0507514082882429,0.0427696773421077,-0.18780467648063,-0.0165768336949558,1.14227731334986,0.213569152866065,-4.36740772755326,0.128686444513896,0.310408803177413,0.831222648253521,-7.44332534159566e-05,249.050537763162,69.319209080796,9.49843912894947,60.9702251800992,829.261230532978,15.1551672278419,56.63518545017,177.25272677894,12.3662308687434
18,9,13.2706095489019,9085,1.11863526803558,0.0772601051102378,0.162364043616834,-0.000754384259357645,0.0933398213193987,-2.80269007972026,-2.24885112112504,4.34816424774511,4.88902665874342,0.712619373310854,-4.05892818141264e-05,178.002471390481,53.5709737503027,11.785227426514,149.853561494999,425.877635472999,14.8284249359987,88.1168658412805,90.8069208493623,-0.0522533995393786
19,0,-6.12974709966004,7764,0.165415452818385,-0.394277537630306,-0.114891157446662,-0.00990336794607384,-0.838997586052583,-2.10187145039828,7.63910069566379,2.18777616410475,2.74778171469914,-0.107531583394183,8.67846101939273e-05,163.956137403208,-53.2934254249473,-5.21523901075893,13.1770519845039,-272.637568593578,-8.08687117747598,9.17354243712874,79.0383827609443,-1.96790405412038
19,1,-2.51839674078593,4964,0.0410386813626821,0.013595073209991,-0.0488894472127052,0.00484282560204081,-0.144177651854374,-8.73920951563226,-2.681371652208,-4.64071248862471,-5.57729945037112,0.525980575220814,-3.68785349409412e-05,195.55053340076,56.6781544740609,9.82861417649409,151.529330629535,938.032028264483,4.58073909438656,23.7997116924403,-1.26828247933088,0.860255720722844
19,5,1.91215448693674,4010,-0.382933207265449,0.01610066360103,-0.0252546246223193,-0.0164734915462378,-0.739190601693251,5.77274340760154,2.05081676656749,1.77546769567841,2.16523870531537,1.65151072158755,2.17243857678172e-05,153.316602586023,-20.0957720729344,0.57098995876048,40.1249258595055,-23.1757914715748,-5.91208856387286,24.9114465944196,9.85589879212057,1.14899622494059
19,7,3.52226156845592,2399,-0.488614460212678,-0.247454218959661,-0.555595350856423,0.0603058134027941,-0.581026290026574,14.2594976677072,-6.37686478806563,2.67844739127009,3.84358032310851,2.11059357486774,-9.57238140342545e-05,181.394604941191,101.624634935667,32.073683795091,369.461776777977,1132.87609519297,15.010833530665,92.0296392769735,62.1606875049347,4.6585760517798
19,8,6.77345672785767,8740,0.28909517356617,0.047486160116831,-0.0096990563853154,-0.00874756966241649,0.407484040268445,-1.46299916083675,-2.41049997738587,-5.52231357085161,-6.62704258044619,0.232981219030667,-3.09090312391548e-05,150.382691790537,107.444319662013,13.6905789876744,138.327655677227,1400.6541344724,18.1469368668455,32.8845857184071,58.4634719308261,15.6333102092254
19,9,22.1257864423639,9781,-0.536591898344799,-0.783692486749234,-0.222494453560948,-0.000429281527913091,-1.53645816153035,24.6586795759817,8.90411312546251,-7.06134071666469,-8.28665929505304,3.32714951742177,9.60987287633685e-05,187.504961775017,87.9027771708572,18.9076271299898,240.630828951424,1216.86932318654,14.7610161786894,54.9149191311022,-73.4795455254477,14.2015982263345
20,0,-8.04131127325022,3614,-0.599492857876865,-0.318267906689945,0.115218374267798,-0.0353206761894988,1.17552169560658,6.87053334703524,2.91450005138194,0.137909772890779,0.196927344830745,-5.12190319597153,1.02867125680814e-05,125.689908539715,47.4967115404408,1.46541979241591,-28.1807111293791,-216.620337067093,-8.48273558729851,1.01962799301194,61.6120645360205,-0.0203473435412604
20,1,-4.06002819795905,3765,-0.470840142871806,0.0426180371352787,-0.155217506631292,0.0077440530503983,0.955659084051501,-2.98152555687725,-5.20090185676381,-6.21607427055667,-6.84946859427844,-0.0728153846153839,-8.38037135278458e-05,190.47814323606,22.8718832891263,6.24763925729444,52.7200000000011,-247.924827586192,9.8858355437666,50.5447745358104,-18.0297612732101,-2.27087533156488
20,4,0.17600244872974,7027,0.0977158954926116,0.0765597573406976,-0.16196302926333,-0.00557626985902787,-0.803682228866902,-3.18596454926226,-1.19749633276136,0.357748439869737,0.530290675595544,2.31512667511968,-8.90703861167145e-06,83.3554983714901,54.0127669625258,6.71940031326861,54.795666442897,565.809328460227,3.19610402526078,58.8150095721208,-170.474093135441,2.87884438477375
20,8,6.10184297579642,7612,-0.384903933623405,-0.332089670927868,-0.569320874168752,-0.00788611019270772,-0.434713873242526,-0.0403909742500468,1.63381632725151,4.22615347858654,5.35597668156928,0.866402941739782,9.04273175302905e-06,98.8247426138063,28.6565280669432,1.27994406561182,-9.70719263940522,849.62119574461,-2.07816596142692,8.86238491766139,-27.4133230182292,6.61036951776389
20,9,14.5894852643154,2590,0.42625536542505,-0.115543528361134,0.489869357301289,0.00720069858554445,-0.69579282212629,10.7756451473508,-3.86631089217301,7.36265952236893,7.99713428204241,1.44687393771791,-6.6569440843489e-05,184.505653501562,-42.4907311381874,4.6410998761274,63.4604542966611,361.816207184605,14.1957407887532,107.892237778351,114.43171146256,-3.30988390516536
20,10,34.6352583586622,2141,0.542082582582584,-0.604753753753789,0.129264264264267,-0.0108975525525529,-1.35901806545648,-1.14021921921921,0.343693693693695,9.51621621621605,10.7255417172575,-0.513933933933919,-2.15465465465466e-05,344.643993993989,-0.270420420420452,-0.504804804804817,20.5138138138136,1244.72732732728,-1.65585585585586,74.5818318318337,66.1660660660682,4.17327327327335
21,8,6.32562874556306,3565,1.34967146634451,0.581970267388381,0.127333931916271,0.0134379670394861,-1.12287970339368,3.58320077539618,-1.95142866801929,4.82095694599275,5.10842933252329,-0.272901055601831,-1.43697725467597e-05,299.149606013522,-17.2164329822177,-9.94358849812149,-84.8887869791435,-200.108911919861,-7.13958379525446,24.2930613935116,-6.49156720451658,2.42620801272316
21,9,8.96179479958672,2137,-0.153800209478919,-0.696530004255919,0.466551283870076,0.0128768406866227,0.276247016105682,-5.63445258669041,3.36260462476936,8.64051638530297,9.05575709159412,2.39440913604758,2.41239892183282e-05,391.234997872032,28.523975031918,-1.92112356362612,-90.5340473826119,599.811178890613,3.87104553837432,2.91197332955022,-33.6876152645771,7.2188253653002
22,4,1.00883594927889,706,0.113418509241404,-0.0296100409060607,-0.174206116086712,-0.086177304645032,-0.902364498160409,-5.59245472401926,0.392433880549504,-3.87697547438421,-4.3337921832358,0.633182563566566,9.70873203226852e-06,226.753962962296,-59.7360027390845,-3.60328930375604,-44.5033788045337,-275.486788123429,-9.69241766228783,-328.882561764542,919.325128094224,-1.77046954871185
22,6,2.11974891356833,210,-0.119694833413809,-0.189632544664413,0.31522887493965,0.0436905601158859,0.767749530137476,1.7570927088363,0.368276195074856,-8.73138580395947,-10.4558832033245,0.54685465958474,-2.42491549975861e-05,80.8682761950749,4.20091743119266,-0.691694833413806,-74.3163689039115,90.0623853211004,-1.00082085948817,-20.757701593433,-1218.88430709802,3.26648961854176
22,8,5.33915827386124,760,-0.368506190919985,-0.236062108906936,-0.682715350818798,-0.063000712288643,-0.172255255550665,2.73408700572492,1.61113699906802,-15.439988017574,-17.0802366229758,-3.07097623485557,7.73532152842458e-06,332.81367327919,34.6687524963384,12.8040207695378,138.37138863001,396.47214086007,9.04127279989364,149.847190786848,602.989681800017,1.83943549460789
22,9,11.7372353673719,2457,0.979403479984933,0.285740881718539,-0.410467455274789,-0.0740327365092341,-0.648766805573986,3.65299046251674,0.851535736245747,-0.197893791662992,0.182378781389259,-0.00785592285694747,8.22743731639028e-05,194.888082062084,9.61060033769566,33.4695829551343,439.550678808117,14.3478366956544,3.77592500414798,59.3490371758493,2717.55791096941,4.50871568139464
23,8,7.21039443204248,1503,0.664905038393749,-0.0230509620221326,0.309089642018766,0.0145365379778672,1.13749644747509,0.474779786631416,0.32363975519786,2.75689553990607,3.20619694879899,-0.0620710198692174,-1.25073356807514e-06,46.6389482729718,-1.34947183098596,3.66479082830308,33.5829770288401,-58.380465082159,3.57606576961767,33.4867486166992,898.892238849773,0.994519198524509
23,9,12.4777356538,2186,1.59652180502596,-0.423622934389383,0.380090520191638,0.0200564153710775,1.57639526112871,-6.05819986310767,0.450875134448011,-2.80816710667841,-4.16484634503468,0.55784577588734,-2.38985039601047e-05,74.797438153909,20.1371418793397,5.75900068446255,52.1431064828389,191.711765424859,4.05199960887859,29.1437982790662,-3565.27915077745,8.28725677129146
24,0,-4.39231404608586,1885,-0.392461777156729,-0.110526951214496,0.000735019111420598,-0.000980251017220813,0.100251523564166,-1.27295805762196,-4.11611216144024,-9.2004027783482,-11.8231112740869,2.20567691422459,-3.12261107229468e-05,180.737459413919,-71.345942419138,-13.6960307837735,-155.903775019518,-938.970510870916,1.25305166248818,6.53044470017645,29.4818390119612,-6.23508589864784
